Company_Type,Industry,Annual_Revenue,Operating_Cost,Profit_Margin,Market_Growth,Employee_Count,Debt_Ratio,Risk_Score
Startup,Retail,34263888,240671382,34.61,1.04,1174,0.41,-4.63
Private,Retail,47106078,199128648,16.98,-3.99,1879,0.65,23.29
Startup,Retail,12281505,77085474,24.71,5.28,1829,0.4,-5.16
Startup,Retail,43679227,323532628,6.64,-1.75,2715,0.48,10.96
Private,Manufacturing,43965695,143428443,18.02,-4.44,3525,0.06,-2.76
Private,IT,176735895,231815037,2.91,4.01,1352,0.64,25.65
Startup,Manufacturing,299975852,69088429,18.68,14.59,2236,0.61,5.97
Public,Manufacturing,133184994,229629894,33.81,9.15,1089,0.08,-22.58
Startup,Retail,19812143,291455759,14.68,2.82,4216,0.36,3.83
Startup,Banking,464478341,289122383,3.29,11.36,4573,0.88,19.64
Startup,Banking,148206866,270541243,3.02,0.8,2789,0.41,18.27
Startup,Manufacturing,52364509,43467715,14.8,-4.64,2538,0.48,18.08
Private,Manufacturing,84146438,38174147,7.28,14.11,823,0.82,11.45
Startup,Retail,182238601,277750224,2.77,10.59,2041,0.66,18.09
Public,Manufacturing,250847272,244607475,26.96,14.06,332,0.54,-2.56
Private,Retail,382922783,212390812,17.13,-4.03,2979,0.73,26.56
Public,Banking,392068897,134957155,11.55,15.93,913,0.78,11.15
Public,Banking,399587966,119142203,31.7,10.49,1551,0.44,-14.1
Public,IT,78663899,222401446,5.83,9.08,3513,0.45,4.73
Public,Banking,37735803,27525886,33.55,10.62,2663,0.38,-18.46
Private,Manufacturing,239064206,183790756,12.36,16.61,2486,0.87,13.84
Private,Banking,249933853,52839731,31.32,9.67,3350,0.64,-2.16
Public,Retail,20886372,130983294,21.9,9.52,4253,0.12,-5.23
Public,Banking,445275932,324197629,29.28,19.77,1151,0.78,2.29
Private,IT,171674709,127879615,34.47,13.92,859,0.46,-8.57
Private,Banking,272269315,302026428,11.52,6.06,376,0.11,-5.0
Private,Retail,214394579,112541530,33.72,12.68,2907,0.52,-11.41
Startup,Retail,275092127,171061019,14.85,4.73,1099,0.4,1.93
Startup,Manufacturing,94567715,336022733,14.72,0.72,4051,0.8,21.67
Startup,Banking,296357937,225853574,13.23,9.92,2048,0.22,-6.13
Public,Retail,315517059,54877884,19.87,18.2,2870,0.75,5.46
Startup,IT,223886874,85913877,7.09,18.23,4280,0.52,1.97
Public,Manufacturing,182715391,384488772,20.27,3.55,1864,0.1,-12.45
Public,IT,362221392,50378941,19.88,8.19,4693,0.88,13.75
Startup,Banking,95126859,179755073,27.14,0.29,504,0.49,-3.88
Public,Banking,294268629,40811773,29.51,19.89,3192,0.3,-15.2
Startup,Banking,363939024,190177364,16.53,19.53,1794,0.45,3.49
Startup,Manufacturing,357919433,85430197,11.98,11.24,3520,0.78,21.02
Private,Retail,428371637,176249253,10.56,15.11,3796,0.31,-12.32
Startup,Manufacturing,416814592,45147406,8.42,12.88,4140,0.21,-3.02
Private,IT,253766485,355823956,3.9,9.83,1008,0.16,1.31
Startup,Manufacturing,325810103,47194441,13.3,-3.67,4479,0.3,4.94
Startup,IT,201460538,243410070,10.92,6.37,1461,0.71,19.2
Private,Manufacturing,444867601,55010809,33.89,11.87,1761,0.45,-14.11
Private,Retail,499558477,280862263,20.4,11.94,2290,0.24,-4.55
Startup,IT,428006911,154655846,13.46,4.33,4810,0.19,-2.11
Public,Banking,224267758,390414080,21.16,18.54,4668,0.33,-18.91
Private,Banking,408202332,318681804,6.59,-0.82,2944,0.85,34.05
Public,Manufacturing,309763595,55058324,16.65,7.51,3744,0.34,2.9
Public,Banking,101953082,365080217,22.67,12.27,3356,0.89,13.17
Public,IT,26845218,21463212,18.13,12.43,1883,0.46,-0.02
Private,Banking,410427123,320210292,15.26,11.22,4544,0.2,-10.48
Public,Retail,40490172,224350225,34.8,1.88,3813,0.81,4.34
Private,Retail,41989387,280526500,31.05,-1.09,1989,0.44,-0.92
Public,Manufacturing,110600006,366253932,22.57,10.9,708,0.65,6.35
Startup,IT,286862172,186108255,20.79,9.98,1322,0.89,14.5
Startup,Retail,100019914,71080112,22.48,-0.52,2972,0.09,-5.47
Private,Retail,312145760,208984443,8.64,12.63,2948,0.13,-12.05
Startup,IT,321153477,93581386,15.04,6.38,4797,0.66,10.64
Startup,Banking,493093774,343923070,3.3,11.69,2310,0.29,4.42
Public,Banking,300432095,71802303,17.69,15.93,3207,0.21,-13.85
Private,Manufacturing,92649202,107100468,19.92,-0.76,136,0.08,-10.2
Public,Banking,15774986,12447933,9.52,-4.52,1201,0.07,5.87
Public,IT,255376761,110583171,33.81,14.48,2649,0.71,-6.91
Public,Retail,9421590,323730675,32.01,10.24,4399,0.16,-24.63
Public,Banking,309524825,117721361,25.83,12.49,3926,0.45,-21.64
Public,Manufacturing,150763809,263644066,19.6,15.95,1376,0.57,-4.49
Public,Banking,106475757,6815144,30.71,15.07,1029,0.41,-7.54
Public,IT,406748705,86649971,6.31,19.02,4089,0.07,-26.56
Private,Manufacturing,302656835,365696101,28.09,8.4,4524,0.72,0.47
Startup,Banking,224822032,77705449,6.12,7.21,4549,0.06,-4.84
Public,Manufacturing,443918242,153394900,28.21,5.05,694,0.7,-4.19
Public,IT,333079756,351846633,11.1,-1.16,3639,0.81,24.11
Public,Retail,452577576,76378188,30.94,9.32,2897,0.42,-3.52
Public,IT,170888038,37982512,33.15,1.93,1472,0.51,9.18
Public,IT,121067598,348034856,6.91,18.03,4096,0.46,1.28
Public,IT,197455542,161498832,17.27,9.58,2271,0.38,-7.46
Startup,IT,331077212,147706679,34.37,9.82,4190,0.8,-1.28
Startup,Retail,299987932,283920456,17.95,3.87,2851,0.81,19.26
Public,Retail,212766602,294332520,30.5,-3.7,1777,0.34,-0.34
Startup,Manufacturing,416327347,274161472,21.43,-4.21,4190,0.57,22.6
Private,Banking,391320159,255902529,14.39,5.58,3570,0.84,25.36
Public,Retail,358823873,271878395,11.43,-2.89,2122,0.87,30.67
Private,Retail,103023086,331207919,8.71,10.17,4768,0.48,4.16
Private,Banking,243367693,23060188,27.14,17.02,636,0.43,2.37
Public,Retail,456202131,129133344,14.76,17.07,4169,0.29,-7.78
Startup,IT,131749717,393290441,18.87,11.48,3424,0.87,10.95
Private,IT,32209162,240592817,18.25,0.28,1385,0.17,-5.5
Public,Banking,104898906,168039929,21.05,16.57,1191,0.54,-8.67
Private,Manufacturing,330831504,16135871,30.56,17.15,500,0.29,-32.48
Private,Manufacturing,383973565,117941883,34.36,-0.08,3739,0.29,-7.39
Private,Banking,116917803,136875943,15.45,13.44,3544,0.39,4.49
Private,Banking,139442423,374417876,29.31,2.16,3306,0.9,8.53
Startup,IT,251251099,325690331,27.23,15.07,1950,0.1,-24.12
Private,Manufacturing,461426460,55404938,20.93,19.93,4418,0.54,-10.44
Private,Retail,299703124,150548961,33.55,-4.25,1892,0.12,-9.32
Private,IT,153281646,51743175,8.62,17.43,4918,0.18,-12.78
Startup,Banking,197102351,89405050,5.61,10.57,2997,0.42,-1.82
Private,Manufacturing,466108068,325656981,30.18,19.33,3169,0.48,-19.28
Private,Retail,63093498,53120903,16.49,6.63,4785,0.27,-8.55
Startup,Retail,389487507,64808528,29.95,16.18,4540,0.32,-11.39
Startup,IT,102042181,289268347,31.47,-3.44,691,0.12,-4.86
Startup,Manufacturing,48353746,327783958,4.06,3.38,1083,0.31,5.7
Private,Manufacturing,109003512,82061847,31.15,-3.32,2397,0.87,24.91
Startup,Banking,294045956,35038060,16.79,19.38,2404,0.85,7.56
Startup,Manufacturing,473055426,111100050,18.84,15.42,2703,0.33,-12.07
Private,Manufacturing,271081786,55492736,22.68,16.31,1380,0.54,-4.77
Startup,IT,152463424,296230678,32.57,18.45,4754,0.82,-0.08
Private,Manufacturing,308837753,240201508,2.63,-2.87,4350,0.06,0.34
Public,Retail,87030459,208431815,17.74,4.64,2166,0.74,15.35
Startup,IT,432017125,181983756,24.69,-3.22,2590,0.86,26.1
Public,IT,455776590,166302599,25.85,0.27,4401,0.13,-9.88
Private,Banking,383406844,367178936,24.85,0.73,2169,0.19,-7.68
Startup,Manufacturing,328665058,395230954,6.44,6.73,3258,0.87,28.02
Private,Banking,138719871,149181504,11.88,1.71,3741,0.51,15.24
Public,Retail,119533144,312599852,13.84,-2.48,3839,0.06,-4.23
Private,IT,391220823,226899058,28.55,-0.81,1637,0.27,-8.05
Startup,IT,274510417,309045335,11.2,-1.32,3482,0.43,12.48
Startup,IT,496164942,55005527,8.95,19.33,37,0.64,-3.2
Public,Retail,419603755,155775696,33.6,13.98,1995,0.67,-5.6
Private,Retail,426808335,353045828,2.29,19.19,4163,0.9,6.92
Startup,Banking,190683482,39847763,34.93,5.99,1531,0.29,-22.53
Public,Banking,405262727,57096103,24.34,1.96,306,0.51,-4.9
Startup,Banking,152084347,376434270,29.34,14.96,2191,0.5,-4.34
Startup,Manufacturing,264955117,202868781,11.72,3.16,3412,0.39,6.11
Private,IT,343019288,108886094,2.47,2.48,2306,0.19,-2.18
Startup,IT,396548508,292117394,26.35,0.81,2607,0.88,21.2
Private,Banking,119232628,159210566,29.53,-1.76,911,0.78,19.83
Startup,IT,128085319,148353202,26.44,1.41,1108,0.47,4.35
Public,Banking,94858638,261538011,6.71,3.88,1687,0.56,14.33
Startup,Manufacturing,342986586,213922986,26.86,11.85,2891,0.24,-14.83
Private,Manufacturing,412090861,162476153,27.37,-3.44,4876,0.51,11.24
Private,Retail,135371121,216099268,23.73,0.26,1388,0.64,8.81
Public,Manufacturing,52347699,154624029,27.28,15.23,1258,0.49,-8.8
Startup,Banking,81716230,348892853,29.92,-1.33,3745,0.89,17.43
Startup,Manufacturing,10241218,64730143,22.25,3.57,4251,0.57,-1.47
Public,Retail,205995164,298119367,4.92,16.62,1274,0.37,3.13
Startup,IT,31821567,67623935,18.09,-1.13,1917,0.71,28.74
Startup,Banking,194700011,214728521,4.56,-2.93,1068,0.19,2.84
Private,IT,144698868,92957925,15.45,7.11,2759,0.38,5.06
Startup,Retail,163209559,357840174,15.43,2.56,2058,0.34,-1.92
Startup,Retail,201915003,355924639,4.18,9.09,4258,0.42,7.68
Public,Retail,402332857,65953839,13.51,15.1,2486,0.71,15.75
Public,IT,264668883,105653264,5.66,-1.57,4026,0.46,13.66
Private,IT,204876141,198183838,28.67,9.52,4613,0.72,3.91
Startup,IT,379080014,142521671,33.27,7.64,3207,0.54,-13.48
Startup,IT,462510040,85562815,4.39,-1.4,4596,0.34,8.76
Startup,Retail,10290717,32805505,33.52,10.6,3563,0.74,-8.52
Private,Retail,427312390,184893582,19.25,1.84,4450,0.25,-0.88
Private,Banking,5797968,349549169,11.89,7.2,1771,0.24,0.86
Public,Banking,465877693,47786626,4.54,-2.94,230,0.48,17.72
Private,IT,265125931,26250723,18.52,6.49,4828,0.27,-4.07
Startup,Manufacturing,242536995,49013251,28.22,2.66,4633,0.06,-18.29
Startup,Manufacturing,255880520,108801293,25.33,15.56,2898,0.6,0.06
Private,Retail,329376229,300444968,3.66,-3.58,1674,0.48,20.52
Startup,Retail,436816623,84193128,4.41,5.47,3996,0.43,0.25
Startup,Retail,158869243,367327128,15.29,6.46,4586,0.87,25.16
Private,Banking,280775294,133146681,11.74,13.13,2987,0.54,2.1
Private,Banking,118900245,183179133,9.67,9.36,1881,0.78,11.56
Startup,Retail,357064501,92398014,11.27,11.68,1472,0.17,-11.5
Startup,Retail,331097396,313163209,28.51,14.43,354,0.53,-16.96
Startup,Retail,86576052,212225876,32.66,16.56,54,0.79,-7.49
Public,Manufacturing,392680641,4003171,15.37,2.85,2078,0.55,11.21
Public,Banking,209264791,186919243,31.9,8.45,1524,0.66,1.63
Public,Manufacturing,255167879,357002612,12.61,16.0,2608,0.37,-4.03
Private,Manufacturing,264252618,197549919,17.72,19.74,1011,0.13,-21.21
Public,Retail,474660735,92198479,9.46,17.24,1043,0.44,-5.33
Private,Retail,349542924,268299231,23.14,4.29,2050,0.39,-1.99
Private,IT,110573072,138199611,34.31,-0.12,283,0.79,8.92
Public,IT,54909831,138886049,21.92,7.23,2657,0.26,-16.66
Public,Manufacturing,389823060,16296138,13.81,13.54,1789,0.87,11.82
Public,Banking,316157009,190843081,23.38,7.31,4486,0.86,18.97
Startup,Retail,243184413,382106062,6.06,7.08,488,0.26,9.04
Public,Retail,80134271,230992487,31.33,15.96,525,0.35,-14.31
Startup,Manufacturing,93240465,7264423,18.6,4.04,4296,0.81,25.73
Private,IT,455708845,248143354,16.83,16.49,1201,0.87,11.94
Startup,Banking,433207598,218143245,21.33,5.17,2678,0.43,8.98
Public,IT,434584990,279617339,22.62,3.21,1421,0.32,6.93
Private,IT,421129189,61638329,4.37,6.35,3290,0.5,3.63
Private,IT,183939423,169145649,24.53,14.06,281,0.63,0.34
Private,IT,142369610,295383509,9.98,-1.85,152,0.28,7.12
Startup,Retail,305569900,105182899,25.56,-0.09,3342,0.68,9.82
Public,Retail,35319320,231997075,29.14,18.79,797,0.09,-26.46
Private,IT,477972064,221967211,28.53,-0.61,1691,0.09,-12.82
Private,Banking,338498363,314258399,20.23,9.19,632,0.38,-7.97
Private,Manufacturing,133208997,54217069,19.17,9.48,3851,0.35,-5.22
Startup,Banking,145955048,57610032,6.71,7.24,3686,0.32,9.0
Startup,Banking,175161543,92381751,27.59,11.12,2582,0.47,-5.74
Public,Banking,431427146,157218466,10.96,0.75,3270,0.32,8.76
Startup,IT,458148885,202522425,18.39,8.82,4722,0.21,-11.08
Private,Retail,455671703,286239967,11.38,4.3,76,0.31,4.39
Public,Banking,94859624,290429853,6.42,11.54,4296,0.88,16.07
Private,IT,446489995,21333734,22.78,-1.47,4626,0.4,1.01
Private,Banking,484587192,39213515,3.79,9.27,1150,0.43,7.0
Startup,Banking,309532525,191663016,26.71,-0.37,2324,0.54,-0.51
Public,IT,80142815,192049774,12.48,1.97,2542,0.89,22.38
Startup,Retail,83888398,12625105,2.0,0.47,3590,0.26,10.39
Startup,Retail,466092149,50548564,18.87,-0.43,1197,0.63,14.87
Public,Manufacturing,371573659,24654924,3.55,15.64,4481,0.66,15.79
Private,IT,337709523,370389332,11.11,2.14,4758,0.57,11.42
Private,Manufacturing,417388000,398130759,25.33,18.18,3349,0.13,-24.25
Public,Manufacturing,261189129,251305901,4.07,19.25,558,0.63,4.0
Private,Manufacturing,115830503,116590918,29.7,9.28,4097,0.1,-17.71
Public,Retail,46965471,241776982,2.13,-1.42,82,0.56,28.21
Public,IT,289487921,136839083,10.15,4.36,208,0.68,20.04
Startup,Manufacturing,333398843,234319263,26.45,14.94,3211,0.23,-13.32
Public,IT,316025504,228179850,12.44,4.18,1791,0.77,20.15
Startup,IT,81070913,303904703,5.36,-2.82,581,0.08,6.27
Private,Retail,152069152,196389141,13.89,8.92,800,0.77,15.71
Private,Manufacturing,382383712,16689493,10.92,16.13,1648,0.44,-6.98
Private,Manufacturing,37356072,86027288,29.81,14.9,1841,0.23,-19.37
Private,IT,437189388,270954709,12.34,-0.62,1865,0.16,-5.48
Startup,Banking,359371485,172892699,28.03,11.82,1184,0.86,19.82
Private,Retail,147606240,188429788,31.43,0.51,3750,0.11,-16.54
Public,Retail,325035404,174003345,16.32,0.46,3287,0.22,1.87
Public,Retail,342492083,31899868,32.03,16.85,188,0.35,-18.76
Public,Retail,468003289,261978004,14.45,1.24,2254,0.58,7.37
Startup,Manufacturing,99159765,397582451,33.81,1.58,4096,0.51,-10.64
Private,Manufacturing,314644390,294135770,4.95,-4.98,744,0.16,11.16
Private,Banking,38138881,390104305,24.67,16.77,808,0.3,-8.47
Private,Retail,445089765,383153438,18.3,14.81,797,0.25,-16.5
Startup,Retail,295085734,28137138,14.79,10.68,2805,0.23,-16.5
Public,IT,330812313,113278038,22.88,13.76,4314,0.4,-10.36
Public,Manufacturing,281874925,392566551,25.23,-1.2,4598,0.65,7.14
Private,Retail,297890745,399784683,2.14,6.46,3094,0.23,-0.5
Public,Banking,222268209,167997397,7.51,3.78,2928,0.36,9.92
Public,Banking,311835598,184407402,25.53,-2.66,741,0.38,1.76
Startup,Manufacturing,327767841,38154340,23.99,7.15,1139,0.88,10.94
Startup,Banking,181881769,391040380,33.88,18.02,3456,0.86,2.6
Startup,Banking,187461302,38908279,27.11,-4.0,1615,0.73,19.47
Startup,Manufacturing,199929067,207219070,33.38,2.29,3788,0.26,-13.15
Private,Retail,454115440,282267346,25.18,0.19,2755,0.11,-10.17
Startup,Retail,333779623,117114582,11.84,0.95,3180,0.32,7.54
Public,Banking,54092554,277385308,5.48,17.71,4699,0.28,-4.13
Private,Banking,354935554,334454571,27.8,6.7,2943,0.48,-2.64
Public,Retail,96144826,51495982,23.26,6.66,1225,0.71,16.28
Public,Manufacturing,140661445,12184536,3.59,14.01,334,0.78,20.75
Public,Banking,412062536,50766655,13.88,-1.14,1860,0.77,21.13
Startup,IT,267904581,255546276,33.57,7.18,1500,0.36,-13.71
Startup,Manufacturing,228214950,153631534,18.51,5.75,903,0.63,6.7
Private,Banking,490091550,156966727,16.28,9.92,1400,0.32,-1.74
Private,Banking,182366431,374761513,17.1,19.99,3399,0.1,-25.37
Startup,IT,214748520,252289913,8.89,14.24,4249,0.65,7.15
Public,IT,366037169,43078991,14.17,4.95,4489,0.06,-4.77
Private,Retail,263564811,268223751,14.2,15.69,2273,0.4,-4.11
Startup,Manufacturing,315742855,30705858,3.73,-0.73,3442,0.33,17.54
Startup,Manufacturing,387625457,122838595,27.33,-4.24,2381,0.64,16.58
Startup,Retail,6308507,299154594,15.74,0.11,3096,0.7,12.58
Public,Manufacturing,227170429,116792223,29.13,3.51,4322,0.31,-8.4
Startup,Manufacturing,148549523,23686655,30.06,7.76,1525,0.74,10.31
Startup,Manufacturing,389185661,218053161,9.0,10.38,2927,0.3,-7.81
Startup,Manufacturing,487144366,142845473,23.69,17.77,2362,0.43,-9.13
Startup,Manufacturing,283421754,342455466,17.59,7.75,1177,0.67,9.85
Private,IT,474862782,264687768,31.05,7.53,120,0.64,-7.83
Private,Manufacturing,349090630,239588041,9.12,-3.74,4337,0.89,33.72
Startup,IT,158846218,282681325,24.37,-4.13,3665,0.24,-5.91
Public,Manufacturing,90111891,273689178,22.06,8.78,3803,0.61,-1.7
Private,Retail,232639503,273085185,11.74,5.95,1765,0.57,11.04
Startup,Banking,209407683,4116271,6.51,15.98,1587,0.83,6.86
Private,IT,423655621,148134604,23.5,-0.98,1306,0.18,-9.49
Private,Manufacturing,294041721,169196616,26.37,-4.38,3784,0.69,28.04
Public,Retail,150309717,235901107,12.42,6.23,2230,0.53,12.02
Startup,Banking,337079513,106762851,23.28,0.94,982,0.28,-7.93
Startup,IT,459853502,25461013,15.04,-3.76,1040,0.45,19.0
Public,Banking,84790594,50204953,25.54,13.11,2603,0.33,-17.57
Public,Retail,180037566,389392377,8.57,-2.21,4002,0.54,15.46
Startup,IT,118398568,154661109,31.38,10.21,4623,0.81,-0.34
Startup,Banking,172501499,358109899,11.48,2.03,923,0.53,13.97
Public,Manufacturing,462798505,50380429,14.14,-0.66,2191,0.59,22.49
Private,IT,278190925,335776461,3.92,4.49,3207,0.49,8.66
Private,Banking,355598090,359797857,5.68,15.04,1472,0.09,-22.14
Public,Retail,433751825,40264820,19.02,4.8,2388,0.25,0.2
Private,Retail,264210229,232260307,10.83,13.77,3464,0.47,9.06
Public,IT,405628747,333418762,29.57,-1.86,3563,0.31,-13.83
Private,Banking,113637707,29906511,2.48,14.32,1317,0.2,-2.64
Private,IT,153368268,105598386,14.51,0.92,1199,0.48,10.89
Startup,IT,452874584,398009758,13.13,11.93,697,0.32,-8.56
Startup,Banking,409646009,241818294,2.64,9.14,4671,0.27,-5.07
Private,Banking,344377298,10089975,6.1,18.23,1217,0.44,4.31
Private,Manufacturing,438212982,11805586,15.65,4.68,1904,0.16,-5.84
Startup,Banking,413806125,47564078,18.26,-3.35,4932,0.84,26.6
Startup,Retail,378214563,319155260,15.34,-4.52,1821,0.79,22.9
Startup,IT,250319559,81877827,19.52,15.67,3193,0.65,-2.26
Public,IT,175503798,133566025,21.64,8.12,3807,0.14,-26.15
Private,Retail,256922740,51085527,2.33,14.38,1654,0.71,14.36
Startup,Banking,149773814,399035061,17.32,0.86,3978,0.74,25.71
Private,Retail,192525407,58073945,33.8,3.63,2726,0.7,0.36
Public,Retail,162507371,73977316,19.13,-4.25,200,0.15,-9.69
Public,Manufacturing,242784657,166389157,24.36,19.04,1345,0.6,-3.67
Startup,Retail,94597893,164584596,12.29,11.7,4813,0.76,16.77
Public,IT,409593553,11074037,27.54,18.33,3116,0.54,-12.52
Private,Retail,126388754,306302631,27.51,1.64,388,0.6,4.44
Startup,IT,449334741,232233510,19.2,10.29,4492,0.44,-0.83
Private,IT,358538596,16822356,34.21,11.96,3839,0.5,-10.87
Private,IT,187444343,127860617,6.14,2.94,625,0.08,2.16
Public,Banking,433608360,182895213,2.56,16.2,2340,0.59,21.29
Public,Manufacturing,113772994,244889467,27.42,18.68,1764,0.12,-35.14
Public,IT,355153627,192826104,28.64,17.12,473,0.42,-7.93
Public,IT,325157385,57432684,5.97,13.48,976,0.3,-1.84
Public,Banking,126381618,120369104,10.76,1.94,4277,0.51,19.33
Startup,IT,242203490,381825846,2.58,2.04,3168,0.16,6.84
Private,Retail,415431932,46420892,11.68,19.08,3634,0.64,3.63
Private,Retail,315089820,77412557,27.51,-4.74,4948,0.73,20.29
Private,Manufacturing,191400693,281544087,19.09,12.9,699,0.19,-16.14
Private,IT,136651518,346527759,13.49,12.66,2632,0.14,-16.49
Public,Banking,342491150,267074294,14.27,10.57,2222,0.17,-6.16
Private,Retail,37997728,337764531,2.04,19.75,392,0.8,10.75
Startup,Banking,393490118,263533123,11.89,2.8,2266,0.5,13.84
Startup,Banking,381337739,229791287,23.33,3.5,3820,0.45,1.36
Private,Retail,216283760,224053089,34.15,-3.03,3513,0.14,-24.11
Private,Banking,373424660,239175953,29.95,6.07,1422,0.6,-1.7
Startup,Retail,443812830,88129374,2.78,1.53,1593,0.79,30.38
Startup,Banking,180695801,101495675,31.65,3.58,381,0.75,6.12
Public,Retail,418370391,325334779,27.85,15.86,620,0.58,-18.93
Startup,IT,221867219,312701522,27.75,18.39,125,0.11,-20.36
Public,Manufacturing,21169764,52351998,17.11,-0.36,456,0.15,-3.13
Public,Retail,417037635,333962797,15.13,4.31,1401,0.09,-6.71
Public,Retail,478950939,106078098,12.0,18.22,3334,0.27,-13.34
Public,Manufacturing,81123517,254474325,4.17,-3.45,1350,0.17,9.72
Public,Retail,488826195,305432919,9.53,-2.69,4520,0.27,16.41
Private,Retail,25808635,364800812,10.14,-0.93,2949,0.38,6.18
Startup,Banking,177267671,152881373,17.97,9.88,3709,0.85,23.65
Public,Manufacturing,190974321,358111909,26.67,-1.24,1083,0.57,9.78
Startup,IT,65111794,367393588,17.64,19.2,4823,0.76,0.11
Startup,Retail,342908319,168850014,3.91,6.17,3579,0.65,29.78
Public,Manufacturing,383207848,325683747,33.61,7.54,3160,0.15,-18.24
Private,Banking,278226147,77170047,33.11,1.17,1615,0.68,9.78
Public,IT,131248185,90173138,27.91,6.77,4667,0.28,-12.31
Private,Manufacturing,435603380,283027567,34.71,11.55,2304,0.59,-10.45
Startup,IT,93111969,99432867,19.97,13.78,3672,0.34,-8.57
Private,IT,484614463,338835318,33.77,13.85,4492,0.9,12.57
Private,IT,461077027,256486262,4.49,9.45,4807,0.27,-1.0
Private,Retail,424719502,383535953,14.07,17.61,993,0.29,-11.06
Startup,Retail,115388641,271616816,9.44,15.44,361,0.84,22.87
Startup,Banking,189495011,223619227,8.46,13.93,1734,0.07,-14.92
Private,Banking,205664837,74247150,6.65,-3.61,1961,0.64,27.05
Private,Manufacturing,133889126,252594875,22.54,-4.83,1289,0.67,21.53
Public,Banking,120224489,215358261,27.78,0.31,1917,0.76,12.5
Private,IT,401641650,78441964,21.08,11.59,4858,0.88,14.83
Public,IT,150404089,211220320,6.85,5.28,1034,0.88,30.17
Private,Retail,165474357,201633872,28.77,5.06,555,0.11,-18.91
Public,IT,473800124,56915845,22.99,17.11,4184,0.75,6.6
Startup,Manufacturing,372916299,51006403,14.81,17.39,2391,0.6,-1.53
Private,IT,42998210,156122543,24.25,17.73,898,0.6,-8.11
Private,IT,395038033,231717614,10.58,2.85,1115,0.16,-9.86
Private,Manufacturing,33175911,264611918,13.39,12.28,2559,0.6,3.62
Private,Banking,374358868,152915333,32.28,1.79,2000,0.89,10.72
Public,Banking,469341902,388697869,11.59,-0.23,4008,0.83,24.43
Private,Manufacturing,480848416,40937226,17.51,-0.38,3785,0.42,9.66
Startup,Retail,33207970,311689032,31.37,3.55,2822,0.08,-27.09
Startup,IT,116670041,326465817,25.35,5.75,930,0.36,-15.28
Private,Manufacturing,395090247,379966543,4.05,15.77,4655,0.75,11.21
Startup,IT,135181219,337734148,6.86,-2.0,2071,0.65,25.79
Private,Retail,151168559,258448568,2.26,13.37,4497,0.44,6.99
Private,IT,442465565,284534963,22.82,8.29,3649,0.1,-20.15
Startup,Manufacturing,239862166,365973233,16.77,2.2,3175,0.41,10.43
Private,IT,37386345,176061890,6.43,7.32,4445,0.45,4.99
Startup,Banking,488369899,115513996,33.61,2.5,2654,0.84,13.75
Public,Retail,419013773,326204714,19.48,9.9,4862,0.59,2.18
Private,Retail,59181889,106902832,9.98,5.85,1055,0.31,-2.61
Public,Retail,245419190,371551773,18.52,-0.89,3566,0.5,6.57
Startup,Manufacturing,168342628,353886141,24.43,-2.09,2691,0.11,-4.92
Public,Retail,453330564,374424885,4.52,8.67,3209,0.88,27.36
Public,Banking,301923045,102088364,11.07,17.56,948,0.36,-1.45
Startup,Manufacturing,271998312,315117957,28.63,3.6,4953,0.46,0.15
Public,Banking,423301429,80647696,17.17,13.33,451,0.35,-15.02
Public,IT,133938364,237577914,20.04,11.47,2560,0.63,14.57
Startup,IT,306958766,212274732,16.28,18.29,4235,0.61,1.88
Public,IT,404081485,142938354,3.45,15.52,606,0.66,14.49
Startup,IT,68640055,285090228,7.47,9.17,1515,0.28,-2.5
Public,Banking,346084390,244102738,16.7,11.43,871,0.32,-0.8
Startup,Manufacturing,474153752,42929257,8.9,17.46,2650,0.16,-18.37
Startup,Manufacturing,166582163,237749229,3.65,4.99,3741,0.61,21.27
Public,Retail,404220865,11221252,29.84,3.17,1561,0.08,-27.64
Public,Banking,414145062,397851676,34.38,-4.73,3246,0.56,8.94
Public,IT,170458757,375514623,28.17,15.66,1746,0.79,-3.23
Private,Banking,121493456,265428580,30.17,15.02,1459,0.81,3.67
Private,Retail,74069690,229101296,9.99,-2.39,274,0.43,19.9
Private,Retail,271923864,261472852,33.7,9.42,2669,0.44,-6.04
Startup,Banking,410497848,360284937,8.5,6.6,2731,0.12,0.54
Public,Banking,108276571,270805375,33.4,-2.03,1472,0.62,11.99
Startup,Banking,39932801,350973987,34.83,19.51,4262,0.75,-9.13
Private,Manufacturing,468797410,39421189,25.49,0.37,1455,0.26,-2.2
Public,IT,141307940,29502745,34.38,-3.32,2308,0.41,-10.2
Startup,Banking,43785284,349180867,20.79,9.87,2935,0.76,6.6
Public,Banking,327938878,217069885,10.56,13.47,1642,0.8,21.85
Startup,Banking,384729344,127181798,16.42,-4.19,2384,0.26,1.97
Public,Retail,105816295,150704738,21.59,11.47,522,0.52,-10.67
Private,Retail,428973323,268646720,4.41,8.31,225,0.21,9.17
Private,Manufacturing,30227191,132764119,22.54,-2.42,3341,0.14,-3.18
Public,IT,98028003,33190179,34.38,-0.69,2182,0.82,16.55
Startup,Manufacturing,412253292,69627397,8.27,9.2,3163,0.75,12.78
Private,IT,486155990,249016808,28.16,2.41,1716,0.7,10.6
Private,Retail,343398510,148634485,31.96,18.46,2116,0.09,-29.06
Private,Retail,476046430,30270507,33.14,15.47,1577,0.77,-5.57
Public,Retail,481958090,47470459,33.68,19.59,2218,0.42,-19.93
Public,Manufacturing,42407753,105374968,19.21,1.49,2341,0.34,-6.62
Startup,Banking,320666114,8905950,34.25,19.24,2163,0.51,-17.28
Startup,Banking,292867509,207539475,26.99,5.78,1138,0.13,-10.75
Startup,Retail,197233741,140246359,7.34,3.69,3520,0.69,16.51
Public,Banking,352417167,353532131,17.74,-3.74,4333,0.55,23.88
Public,Banking,89928457,60563860,25.7,-3.68,3663,0.21,-11.26
Startup,Manufacturing,321872284,299172445,10.16,12.3,2375,0.21,-8.84
Startup,IT,378675785,143641687,23.14,6.45,4907,0.21,-13.93
Public,Retail,195655307,248048171,24.0,0.66,2931,0.1,-11.83
Startup,Retail,343801501,194533673,7.37,10.35,4577,0.55,16.16
Private,Manufacturing,94148776,141242461,20.65,1.32,1089,0.76,12.03
Public,Manufacturing,245035072,158854165,27.46,9.44,3521,0.06,-23.88
Startup,Banking,324690884,53275547,18.46,3.98,2751,0.09,-7.39
Public,Retail,382460487,113465926,2.4,15.59,3030,0.54,8.15
Private,IT,321038091,113004150,2.3,15.52,238,0.75,17.08
Public,Manufacturing,356230464,137237403,13.78,6.93,180,0.33,-5.44
Public,IT,15856760,162457549,32.56,3.77,304,0.35,-8.91
Public,IT,185568639,97273359,9.55,4.06,4294,0.56,19.08
Public,Retail,474228405,43365237,22.93,15.14,435,0.28,-22.72
Private,Retail,188048147,234442398,9.33,3.2,928,0.07,-8.84
Public,Manufacturing,23720027,324005161,12.62,0.23,3263,0.67,9.97
Public,Retail,162502584,117720972,29.99,-2.88,508,0.58,10.19
Startup,Retail,458282922,80906501,26.05,6.67,2819,0.54,6.76
Public,Retail,483468004,283745515,5.15,7.05,4971,0.68,17.55
Startup,IT,463410670,137783816,16.15,16.02,835,0.62,-2.73
Private,Manufacturing,171664164,147369335,2.96,0.53,3789,0.22,1.72
Private,Banking,148932619,202718506,17.87,4.52,1868,0.35,-1.82
Private,IT,432911332,272093459,23.86,15.21,2128,0.16,-21.59
Private,Retail,141538416,138022841,5.91,15.59,155,0.16,-5.06
Startup,IT,409458992,269257258,11.53,4.62,4575,0.62,10.84
Public,Retail,350253495,64183416,15.13,6.48,3587,0.78,19.11
Private,Retail,244101483,142245763,32.34,2.58,202,0.87,11.8
Public,IT,311526007,282986865,34.78,18.31,3898,0.58,-16.04
Startup,Manufacturing,371594203,158029408,3.48,-2.03,61,0.21,6.28
Startup,Retail,495554734,96878234,27.11,18.34,2420,0.14,-23.66
Startup,Manufacturing,254710469,374190853,14.27,12.1,1830,0.74,15.93
Private,Banking,352210347,109658430,14.95,8.29,2974,0.54,4.74
Public,Retail,176394298,96730769,26.89,-4.18,2531,0.58,4.39
Public,Manufacturing,485691132,169600439,32.31,6.89,1879,0.71,8.5
Public,Manufacturing,151835347,210535306,33.38,5.19,2578,0.65,-2.67
Startup,Banking,89823921,382651219,21.05,-0.97,1877,0.76,19.85
Private,Manufacturing,484717709,15834263,13.78,11.41,2748,0.1,-13.52
Startup,Manufacturing,250186177,261420366,27.99,19.28,3279,0.69,-5.41
Startup,Banking,138872126,33647215,10.28,9.05,3209,0.77,14.96
Public,Retail,460828772,268525446,20.61,12.87,2589,0.29,-7.96
Startup,Manufacturing,269594451,82232916,13.83,-3.29,4015,0.59,0.02
Public,Manufacturing,227036249,227445865,23.67,5.44,4945,0.32,-0.07
Private,Manufacturing,173979228,337442137,9.93,-2.09,250,0.86,25.55
Public,IT,69437248,191090859,8.32,10.32,3450,0.08,-8.01
Private,Banking,433213282,164976183,32.3,18.46,4641,0.54,-10.77
Public,IT,336567301,46627391,5.36,11.54,1417,0.19,1.53
Startup,Banking,241268004,31046417,18.7,-3.08,3512,0.66,18.63
Startup,Retail,257866292,88749316,9.29,3.87,4048,0.2,-4.82
Private,Retail,385343354,128303938,3.28,8.77,92,0.25,-7.01
Private,Manufacturing,289138308,316951961,3.19,5.08,3778,0.47,11.08
Private,Banking,448708576,287286884,7.78,15.84,960,0.83,6.07
Public,Retail,36073264,283591319,30.6,15.37,620,0.23,-24.6
Public,Banking,368657906,382087152,11.32,10.3,4679,0.17,-9.7
Private,Retail,183554061,384962130,33.37,4.34,3615,0.7,1.06
Startup,IT,276475723,255109170,21.19,1.38,4564,0.48,5.59
Public,Retail,105258281,312392212,16.41,-2.35,3293,0.83,24.05
Public,IT,101117011,399666763,21.14,3.87,2183,0.17,-10.62
Public,Retail,484447732,252174460,19.05,5.33,3494,0.6,-3.81
Private,Manufacturing,455529521,97640288,27.04,11.9,1532,0.25,-22.22
Private,IT,392056855,115729265,11.32,11.45,2611,0.18,-5.54
Private,Retail,266854458,187640382,13.65,-3.25,2667,0.63,23.63
Private,Manufacturing,26217066,7151785,31.51,4.88,2169,0.55,-10.0
Private,IT,79645629,384565944,33.23,-0.46,2459,0.69,3.96
Startup,Manufacturing,334904097,255346965,31.45,-1.08,3840,0.31,-0.25
Startup,Banking,319093784,265949878,15.84,15.68,131,0.43,-8.44
Private,Banking,65644657,196726752,27.75,-3.95,4378,0.39,1.55
Public,IT,426326620,103463184,17.72,5.48,1327,0.89,27.79
Private,Retail,349079398,127459035,18.42,-0.79,4503,0.3,-0.23
Startup,IT,347480094,185732842,8.75,16.98,2528,0.3,-9.36
Startup,Manufacturing,23144439,293633384,21.51,8.93,1240,0.35,-6.84
Public,Retail,71984430,182100070,8.14,0.78,1143,0.53,24.96
Startup,Banking,98329834,358774037,12.94,7.56,1311,0.26,-1.18
Private,Retail,493967345,212760432,30.22,13.29,4044,0.83,4.53
Public,Banking,402943702,189995216,8.83,18.95,1920,0.28,-11.88
Private,Retail,184805611,354007685,4.35,0.51,1515,0.81,32.08
Private,Retail,143491173,360773509,4.28,17.15,3195,0.14,-7.39
Public,Retail,67926675,233341449,33.05,18.36,1926,0.61,-15.48
Private,Manufacturing,8184790,178125332,18.73,17.91,4925,0.82,10.67
Startup,Manufacturing,133735615,71546052,15.51,10.89,3558,0.19,-11.17
Private,IT,38134205,306646209,28.76,10.75,2767,0.87,9.07
Public,IT,253807212,171310805,29.58,5.08,1966,0.43,-9.03
Public,Banking,84638835,394230520,12.96,13.81,188,0.85,13.18
Public,Manufacturing,347226255,192074497,24.89,8.28,906,0.63,-1.51
Private,Banking,283398897,377931553,27.45,11.94,1561,0.31,-19.01
Public,IT,335083049,160906799,23.6,5.71,501,0.21,-8.44
Public,Banking,468422331,368769138,7.0,13.29,70,0.31,-4.21
Private,IT,213015734,114555196,30.9,15.61,1087,0.13,-32.33
Startup,Manufacturing,165553991,198128405,19.79,-1.34,2905,0.17,6.88
Private,Retail,412644145,177322251,11.32,15.82,4170,0.14,-19.47
Public,Manufacturing,277082260,270460951,16.03,8.51,3693,0.41,5.43
Public,Banking,408300480,161785518,3.24,16.12,595,0.73,6.98
Private,Banking,459534134,56698471,6.22,5.78,3970,0.17,0.73
Startup,Manufacturing,209449543,245251707,27.26,4.48,3780,0.16,-14.79
Public,Manufacturing,138847708,364807497,2.0,17.88,544,0.6,5.35
Public,IT,300279967,226151807,15.75,1.28,3472,0.22,-0.69
Public,Banking,475562149,191934386,19.24,16.11,4021,0.13,-18.92
Private,Banking,384446766,158813694,3.8,7.1,3408,0.19,-4.42
Public,Manufacturing,228981653,330979967,34.11,7.85,2165,0.84,2.57
Startup,Retail,27791342,388591327,9.46,2.71,1014,0.75,14.29
Public,Banking,295451233,40026182,12.04,9.33,2509,0.35,0.84
Public,Retail,162334720,173537491,12.03,3.13,336,0.61,8.41
Startup,Manufacturing,383452278,195619673,9.6,-4.02,4713,0.51,17.88
Public,Manufacturing,450092982,347521086,2.05,1.8,2716,0.63,25.49
Private,IT,303990809,39185155,26.07,-4.84,11,0.63,14.47
Private,Banking,255173385,31997485,33.91,19.46,1043,0.58,-16.33
Private,Retail,80230621,20642355,9.4,19.14,2491,0.28,-5.21
Startup,IT,352364889,86261653,23.88,4.88,134,0.08,-17.07
Public,Banking,497241198,80076110,26.48,13.21,1114,0.44,-15.53
Private,IT,308266535,346087479,30.0,3.65,2709,0.81,10.06
Startup,Manufacturing,84540080,8384935,15.95,11.78,1871,0.53,5.14
Public,Banking,135511435,15155092,12.0,15.14,2930,0.76,7.72
Startup,IT,490802970,151731982,12.73,18.67,138,0.89,17.42
Private,IT,245297799,22678933,25.52,5.01,447,0.19,-15.57
Private,Retail,200465560,160280883,28.95,14.58,4856,0.64,-6.61
Private,IT,282140269,26593741,7.99,1.65,2558,0.62,13.46
Startup,Banking,192594691,310682684,14.24,19.76,3139,0.88,14.27
Startup,Banking,226248288,330445480,31.76,-4.36,1231,0.89,19.77
Private,Retail,437114688,261480807,28.62,10.09,911,0.63,-4.94
Startup,Banking,394446802,6133211,34.5,11.49,3178,0.26,-21.47
Private,Manufacturing,287932510,97542873,26.89,12.2,4496,0.73,-12.05
Private,Banking,150536975,252025392,14.98,-1.99,3928,0.14,2.09
Public,Banking,335020493,119683198,21.49,18.46,1077,0.71,-0.12
Startup,IT,86022004,228544257,23.81,-0.47,36,0.82,6.86
Private,IT,185266287,283051608,4.59,10.57,557,0.38,-3.29
Private,Banking,117669764,384957373,19.97,0.57,2678,0.59,9.05
Startup,Retail,336508072,149974663,25.41,2.68,576,0.42,-7.16
Public,IT,462813593,142289643,7.52,8.66,713,0.42,9.33
Public,Retail,428370685,169222944,27.76,5.43,4290,0.31,-6.51
Private,Banking,146069531,70552809,21.26,-0.99,3150,0.7,17.83
Startup,Banking,152263425,210636706,33.42,-0.73,1600,0.85,1.51
Public,Manufacturing,455773695,139494515,3.4,5.45,4953,0.85,24.97
Startup,IT,212069125,332410326,10.76,13.93,4704,0.2,-13.09
Startup,Banking,297536894,312680728,21.85,17.45,815,0.79,-0.24
Private,Manufacturing,443834760,99127354,11.79,-2.9,3801,0.68,20.37
Public,IT,142043624,26278769,25.58,4.83,1367,0.26,-14.44
Private,Banking,15427148,113002066,27.05,-2.49,3235,0.11,-8.76
Public,Banking,144094600,286777732,5.38,-4.59,3628,0.28,15.48
Public,IT,393615924,387299314,18.96,11.54,2136,0.83,15.99
Public,IT,292832652,306264522,18.79,10.06,2470,0.59,3.59
Public,IT,171153374,341299383,14.19,-0.92,555,0.66,28.62
Public,Banking,492260648,268099531,32.79,0.85,2738,0.27,-3.85
Startup,Banking,473622282,103200009,29.31,-4.41,3744,0.66,11.83
Private,Manufacturing,20099203,162506327,25.01,15.87,2572,0.07,-27.31
Startup,Retail,114571681,187058331,25.57,19.37,2089,0.37,-9.35
Public,IT,130156732,35134440,17.24,-1.61,2651,0.58,19.18
Private,Banking,70244261,336260963,32.39,0.79,3124,0.17,-20.32
Public,Banking,335854893,116566180,24.92,16.71,1936,0.75,7.11
Private,IT,222646723,44156180,26.06,18.16,626,0.25,-20.94
Startup,Retail,187937189,270787335,30.44,5.49,3654,0.6,-2.96
Private,IT,276323154,208789750,11.04,-3.73,1213,0.39,2.06
Private,Retail,253446405,78912072,28.63,-4.02,1769,0.56,7.09
Private,Banking,118282529,93067502,8.44,9.35,2575,0.14,-7.01
Private,Retail,57764241,307258958,13.4,4.82,3184,0.06,-1.56
Private,Manufacturing,17417420,175185519,13.08,-4.28,3091,0.82,33.16
Public,Banking,210358056,97308589,34.29,9.58,2640,0.28,-19.95
Private,Manufacturing,293603414,144857895,30.27,-4.72,3171,0.75,17.56
Private,IT,265203346,89717649,25.14,14.68,4331,0.9,13.3
Startup,IT,296345738,144539881,25.99,2.66,679,0.23,-8.09
Private,IT,7887296,314827259,20.55,-3.99,3178,0.28,-0.87
Startup,Retail,206302013,307509395,33.25,9.71,2131,0.61,-5.98
Public,Banking,196079221,251335813,18.38,4.94,4088,0.87,21.75
Private,IT,108399878,188806091,14.56,19.35,4161,0.83,11.05
Startup,IT,29733272,179241025,7.38,8.6,729,0.48,6.43
Startup,Banking,341644820,289739206,27.94,1.88,2610,0.73,-2.16
Public,IT,325343694,136759234,26.24,12.74,3608,0.17,-25.59
Private,Manufacturing,27371392,98289626,14.68,1.79,4679,0.88,28.06
Private,Banking,476724025,118553905,2.83,17.61,676,0.87,8.36
Startup,Banking,95936006,191352362,29.69,4.37,293,0.19,-7.79
Private,Banking,277468110,33284261,2.38,8.75,3913,0.3,8.75
Startup,Manufacturing,307654356,70480480,25.22,-3.74,3575,0.14,-6.33
Private,Banking,28277458,333779776,34.02,5.65,2244,0.28,-10.74
Startup,Manufacturing,63231611,146381494,16.44,15.81,4603,0.74,9.73
Private,Banking,213304732,257368767,9.75,15.14,1475,0.37,-3.75
Public,Retail,321511704,84560164,25.26,0.61,139,0.13,-17.31
Private,IT,419401952,128810555,28.97,0.65,4744,0.34,0.53
Private,Retail,488373360,305269103,20.03,15.43,2070,0.88,17.87
Public,IT,201223711,119412010,33.91,18.26,3682,0.59,-17.4
Private,Manufacturing,303154274,274278692,3.71,-2.62,2504,0.4,8.81
Public,Retail,444244715,283561923,18.66,6.25,1002,0.19,-9.28
Private,Banking,67994533,211706525,25.71,3.44,2131,0.89,14.29
Startup,IT,319374105,361475509,30.47,16.77,2594,0.75,-0.97
Startup,IT,378927178,34853087,7.92,-2.91,4206,0.29,15.22
Private,Retail,449308322,233225419,28.4,0.28,2233,0.11,-24.09
Private,Manufacturing,191592199,25362925,20.24,13.81,4532,0.1,-11.29
Private,Retail,190597549,302216758,15.09,-3.72,3198,0.15,-2.11
Startup,Manufacturing,80488205,398680783,6.35,7.31,3247,0.54,14.5
Private,Manufacturing,45133569,186657022,30.55,6.05,4146,0.84,13.52
Startup,IT,385079021,187339988,7.19,3.36,4534,0.47,15.47
Public,Retail,6912584,44537804,12.22,4.86,353,0.77,19.89
Startup,Retail,25554754,316580705,11.57,8.25,4471,0.43,5.14
Startup,Manufacturing,186950548,178899907,30.76,-0.97,4714,0.65,9.77
Public,Retail,491764313,32754469,24.2,9.3,4833,0.67,1.69
Startup,Banking,333472903,228441502,28.29,15.14,2286,0.2,-29.88
Private,Banking,86955631,136719610,10.27,14.0,4930,0.36,-9.06
Private,Retail,422330625,162916278,22.62,-1.15,3211,0.59,10.43
Startup,Retail,452457733,23729471,20.87,-1.27,898,0.11,-11.04
Private,Manufacturing,173519579,57148890,29.48,1.7,2053,0.36,-8.57
Startup,Banking,115131828,268690948,31.9,4.03,1351,0.5,6.63
Private,Banking,278874140,259648728,2.4,5.21,3730,0.9,34.69
Private,IT,396906457,120680480,24.24,11.99,2893,0.45,-7.4
Startup,Manufacturing,472800728,129118083,3.71,-3.58,4222,0.74,33.6
Private,IT,27315019,316354131,20.11,-4.13,2425,0.42,5.94
Startup,Banking,108044228,68532833,11.49,4.8,1127,0.73,19.02
Private,Manufacturing,107318049,367011161,12.12,12.43,4273,0.56,7.39
Private,Retail,119348335,344048701,13.65,-0.16,3011,0.8,21.85
Public,Manufacturing,349337700,20296381,22.5,11.04,1748,0.4,-9.76
Public,Retail,149321835,271057276,13.02,1.5,1374,0.56,19.51
Startup,Retail,441778723,375977115,26.18,17.15,2718,0.59,-2.76
Public,Manufacturing,468448846,202672072,15.35,17.39,4800,0.4,-18.4
Startup,Retail,88173418,299625523,4.26,2.43,934,0.17,-1.04
Public,IT,68923119,188576933,27.86,0.75,161,0.13,-16.02
Private,Banking,217232534,178207857,11.43,5.28,595,0.06,-11.79
Startup,Retail,275521669,369115026,16.28,1.01,922,0.79,25.34
Startup,IT,404960561,44156155,24.62,11.81,2331,0.25,-14.12
Private,Retail,393655467,279381611,12.97,15.65,505,0.23,-18.05
Startup,Banking,350846650,115940481,3.87,11.83,3805,0.68,13.5
Startup,IT,96199914,310678126,14.34,15.61,2158,0.32,-5.58
Public,Banking,83308332,117537835,33.17,4.92,566,0.48,-5.74
Startup,Banking,315927380,364916267,23.18,-1.09,1562,0.19,-8.66
Private,IT,308989142,278139016,24.16,13.45,2130,0.87,11.2
Public,IT,244925866,21562775,22.87,4.01,3095,0.77,21.96
Public,IT,37482294,300448405,8.57,11.78,3514,0.78,18.94
Private,Manufacturing,98262159,339077954,15.81,1.77,166,0.4,11.6
Private,IT,101528174,23709963,26.78,-2.97,744,0.7,11.42
Public,IT,311146420,368965787,5.35,19.81,4664,0.17,-12.3
Startup,IT,103915451,112242141,11.17,-1.09,3286,0.06,-3.57
Public,IT,347137230,212429465,11.12,19.71,164,0.07,-19.05
Private,Retail,132530787,376722388,16.26,19.43,1006,0.55,-1.1
Public,Manufacturing,228486666,329323959,34.35,14.85,2304,0.44,-19.48
Private,Banking,26794866,377432985,4.23,11.49,4636,0.49,11.11
Public,IT,263846478,196783458,19.12,9.45,2915,0.06,-24.77
Startup,Retail,314899587,75894131,7.92,16.65,4834,0.41,-8.35
Public,Retail,260275796,133394657,34.03,2.24,1187,0.66,14.87
Public,Retail,452463564,326629998,5.74,6.69,163,0.43,5.85
Private,Banking,441466133,287586321,15.32,10.48,4197,0.67,12.87
Private,IT,303750738,115303032,26.35,5.28,1726,0.25,-1.54
Private,Manufacturing,440599137,262868950,25.25,5.69,3212,0.74,-1.67
Public,Manufacturing,182517901,334785087,15.95,3.26,2867,0.55,15.45
Startup,Retail,481190588,395764228,13.44,9.11,796,0.23,-2.91
Private,Banking,34105135,244359467,15.12,16.26,4378,0.25,-3.88
Private,Banking,104148148,20071962,10.72,0.04,4282,0.58,10.83
Public,Banking,154777971,42265186,8.78,18.36,3777,0.76,17.7
Private,Manufacturing,198685997,136640480,17.94,12.23,2888,0.4,-8.25
Startup,Retail,251058522,8432019,10.86,15.58,652,0.27,-2.91
Startup,IT,239530460,222805967,11.49,8.9,4672,0.79,17.41
Private,Manufacturing,232744494,325569281,23.67,14.49,675,0.62,2.86
Private,Retail,143556571,281827490,33.96,-4.59,3436,0.43,0.74
Public,Retail,173196386,266398311,21.92,15.46,3793,0.46,-16.32
Startup,IT,352600519,19394487,4.54,-4.0,3711,0.22,-6.33
Startup,IT,268314575,302106459,4.49,17.25,1079,0.58,7.76
Private,IT,389942185,246393582,33.4,19.8,2359,0.35,-23.2
Public,Banking,478879971,217239142,11.81,2.35,4513,0.9,29.03
Startup,IT,402867677,183955589,5.04,0.26,1222,0.46,13.91
Startup,Retail,396489169,133061971,21.77,14.13,1162,0.46,4.12
Public,IT,111967041,376838791,22.58,1.33,2521,0.53,7.74
Public,Retail,102169328,315119030,23.4,16.64,153,0.83,3.61
Startup,Manufacturing,441906572,128739862,10.82,-2.43,2499,0.73,26.34
Startup,Banking,170567107,334047551,2.5,-1.85,3238,0.43,15.04
Public,Manufacturing,319280025,79802238,33.85,19.48,4592,0.66,-9.03
Startup,Manufacturing,101555357,391179522,10.28,11.85,4965,0.55,0.26
Private,Retail,246159626,299999427,24.31,16.17,3215,0.47,-8.76
Private,Manufacturing,246024350,57351768,25.32,3.11,4253,0.21,-11.67
Public,Retail,474937259,391822830,22.13,11.91,3152,0.44,-10.82
Public,IT,247400841,240557541,12.33,9.86,3314,0.26,4.99
Public,IT,218808166,379429758,10.95,10.08,1367,0.83,13.15
Private,Retail,113075916,297228500,21.72,12.06,2723,0.34,-9.05
Startup,IT,260916190,145547170,30.58,9.38,4195,0.86,4.53
Private,Banking,365975942,59501560,33.24,5.73,1367,0.5,-3.04
Startup,Manufacturing,199468798,234698036,5.49,1.9,4304,0.59,12.41
Private,Banking,464032887,146049652,7.11,14.21,4643,0.51,8.97
Startup,Manufacturing,191432752,123958253,33.18,0.66,3202,0.16,-3.86
Private,IT,294103785,42722995,26.31,12.31,310,0.37,-15.03
Public,Banking,263679228,274892109,31.14,0.83,733,0.13,-8.06
Private,IT,33186921,125869731,8.69,10.63,3020,0.58,7.57
Startup,Manufacturing,188620535,71997670,21.39,13.68,77,0.43,0.95
Private,Retail,382643043,249514056,25.14,0.47,3846,0.71,23.88
Private,Retail,217718675,168130082,24.44,-3.5,4003,0.24,-3.43
Private,Banking,471200003,256806331,15.47,-1.73,2516,0.19,-7.9
Public,IT,378829493,174733836,2.51,10.15,1547,0.4,11.11
Private,IT,245486150,105423758,21.24,16.24,407,0.84,8.99
Public,Banking,287388277,47181713,10.35,-3.88,4725,0.65,25.4
Public,Retail,220721344,113675058,16.86,13.35,3367,0.41,-6.1
Private,Manufacturing,191455415,141276576,33.6,3.53,1173,0.49,-7.81
Private,Banking,118813164,199418810,15.17,6.96,4835,0.12,-4.07
Private,Manufacturing,40009897,3809178,29.71,18.22,565,0.89,4.8
Startup,Retail,487343470,262590550,8.22,3.3,3671,0.62,10.01
Private,IT,333149882,192326778,24.19,6.63,1761,0.29,-4.78
Public,Retail,16098252,66391073,34.24,-4.66,2951,0.55,7.61
Private,Banking,441419446,312476215,5.36,-2.96,2667,0.14,3.13
Startup,IT,60771029,22339821,2.27,1.46,2805,0.87,40.37
Private,Banking,302163893,369610981,16.31,-4.3,2339,0.2,-1.44
Startup,Banking,70176852,31398068,5.06,10.78,1969,0.6,11.5
Startup,Retail,44541461,203352583,26.7,5.66,1611,0.26,-6.3
Private,Banking,406745115,19530109,32.18,8.7,2803,0.66,0.52
Public,Retail,447724232,26195170,16.32,-0.63,1490,0.71,12.19
Startup,IT,192878425,165182802,10.54,2.4,1112,0.62,17.47
Private,Retail,378854728,227860158,16.34,11.6,3286,0.57,1.64
Private,IT,97796686,207218963,25.87,19.13,1309,0.81,5.86
Public,Retail,481659721,80309808,2.3,-3.74,3889,0.12,7.17
Startup,Manufacturing,218775319,183494616,21.45,17.26,1545,0.33,-13.01
Startup,Manufacturing,159741113,202475623,22.24,9.42,87,0.26,-15.72
Private,Banking,480764344,119715789,23.04,9.1,2841,0.89,13.35
Private,Retail,390951356,188012377,9.99,7.51,3420,0.38,8.05
Public,Retail,137676265,394887461,25.56,-3.27,2731,0.67,10.2
Public,IT,112473479,132009366,5.02,-2.75,3637,0.63,24.23
Startup,Banking,90661847,13539669,8.58,10.02,1542,0.23,-8.65
Startup,Retail,449191439,358143672,30.96,3.52,247,0.25,-17.31
Private,Banking,248254320,184325906,26.38,17.93,2006,0.29,-19.0
Startup,Manufacturing,485480409,156631666,2.45,5.16,3437,0.4,11.27
Public,Retail,29245082,329585218,10.2,-1.42,287,0.25,14.99
Public,Retail,136106084,20016233,9.08,12.87,3099,0.07,-15.22
Private,Banking,228598147,322182098,10.94,2.33,533,0.8,23.32
Public,Retail,111541105,238822792,10.17,8.14,4285,0.87,15.94
Public,Banking,464381399,387231707,4.06,12.45,4228,0.34,4.27
Public,Retail,316876114,80337555,17.15,17.51,3132,0.34,-8.71
Public,IT,439540131,380142598,26.18,14.8,4585,0.06,-17.71
Private,Banking,214329211,257196808,22.02,11.91,1807,0.63,8.02
Private,Retail,204392422,238154170,24.2,11.99,2141,0.75,7.65
Startup,Manufacturing,187750409,16907579,4.68,18.65,825,0.17,-13.28
Public,Retail,260679320,343997494,33.4,2.4,2704,0.19,-13.34
Startup,Manufacturing,415321041,143341880,29.67,-4.97,452,0.72,14.42
Private,Manufacturing,76537554,138382523,28.57,1.8,3150,0.57,8.98
Private,IT,111102729,46332370,29.16,0.45,152,0.09,-10.12
Private,Banking,334714656,324444851,32.78,11.55,4297,0.58,-7.19
Private,Retail,215216374,340953701,19.96,10.84,1420,0.31,-15.56
Private,IT,376980529,177798652,8.61,9.84,4483,0.36,8.03
Private,Retail,125189508,296522083,22.35,-4.59,544,0.7,21.17
Private,Manufacturing,189744622,60190864,26.52,13.22,1726,0.74,1.51
Public,Banking,478458224,201099208,26.35,3.09,3374,0.39,0.03
Startup,Retail,485494050,56274943,19.21,11.63,1042,0.86,13.94
Private,Retail,489459745,291496288,4.26,8.91,3352,0.4,12.91
Public,Manufacturing,425442784,148292083,14.25,3.57,1420,0.71,7.35
Public,Retail,399019446,223182616,32.39,-1.64,4510,0.46,-1.71
Startup,Retail,156861908,323124557,21.29,-2.64,1182,0.81,29.73
Private,Manufacturing,416090896,321862132,19.76,15.79,898,0.82,11.13
Startup,IT,234548693,205884834,10.87,17.96,3348,0.12,-7.23
Private,Manufacturing,106526959,217400954,14.16,11.24,4527,0.85,10.4
Public,IT,272455268,209771907,31.55,-2.41,1651,0.75,18.36
Public,Banking,77892046,279987898,23.99,5.05,481,0.72,15.43
Public,IT,457028834,122808067,27.98,13.22,2950,0.22,-26.97
Public,IT,464965403,12618395,16.99,14.5,556,0.73,5.93
Startup,Banking,353691910,12714177,22.8,-2.04,4736,0.77,18.22
Private,IT,205563871,186844712,10.2,-5.0,3607,0.3,1.78
Private,Manufacturing,60666186,348349756,25.28,12.8,2835,0.86,7.62
Startup,IT,464334281,391290133,16.11,3.91,3733,0.09,-4.83
Private,Banking,34565896,77313640,16.6,1.36,373,0.18,-5.8
Public,Manufacturing,73315725,262116158,23.43,-4.68,2176,0.51,11.3
Private,Banking,35131276,8051646,32.9,8.51,3319,0.54,-3.7
Public,Banking,410772796,342169974,4.11,16.28,555,0.6,8.45
Startup,Retail,256060664,137503439,29.22,18.94,3250,0.06,-33.81
Private,Retail,77045464,381610749,11.65,9.14,4739,0.87,23.79
Startup,Banking,489410113,194462256,16.65,7.86,1946,0.09,-20.61
Private,Banking,110399615,154570863,2.72,-2.87,972,0.17,7.51
Public,Banking,54133346,151907677,11.93,8.72,3015,0.06,-4.81
Startup,Retail,421813318,235712459,18.59,4.5,3816,0.53,4.21
Private,Retail,306268564,358652642,3.85,10.18,892,0.84,19.51
Public,IT,223361489,79350218,18.21,4.72,3850,0.62,13.73
Startup,IT,130923138,171194541,32.59,1.01,880,0.75,10.46
Startup,Banking,295842153,318033044,5.48,-2.63,4621,0.06,4.94
Private,Manufacturing,233490613,95108542,27.23,2.87,2995,0.51,1.96
Private,Manufacturing,309044668,148277588,15.52,-2.58,875,0.44,-1.59
Private,Retail,402704358,276335620,23.62,-0.58,4319,0.47,10.99
Public,Retail,432421608,12909551,10.59,19.68,3213,0.11,-7.35
Private,Retail,294636080,352496595,7.26,6.1,2907,0.63,22.38
Startup,Banking,72951050,111403912,7.3,8.3,2254,0.48,-9.51
Startup,Manufacturing,396228695,151721084,4.33,16.84,28,0.7,14.19
Private,IT,19578363,143212104,8.13,19.89,651,0.46,-4.72
Private,Banking,300094573,192838659,23.92,9.57,3093,0.18,-20.23
Startup,IT,452147538,343534224,31.1,15.31,339,0.6,-6.29
Public,IT,448323971,280828065,28.87,3.17,875,0.2,-12.6
Private,Banking,431656985,20089239,24.61,2.64,783,0.79,17.27
Private,IT,379637669,350138527,5.64,5.07,4497,0.57,15.64
Startup,Manufacturing,341669225,311259904,11.54,11.81,4742,0.18,-14.78
Private,IT,136103007,110983879,12.22,12.05,2364,0.87,14.94
Public,Manufacturing,108769254,77931500,10.25,2.88,3348,0.49,7.46
Startup,Manufacturing,102163884,301287446,19.0,-1.67,3528,0.11,-14.25
Private,Manufacturing,346103597,241058926,19.67,10.81,2952,0.58,-4.11
Startup,Retail,68975459,356076647,13.78,-1.79,2577,0.27,2.91
Private,IT,372899367,290533387,13.68,9.46,1684,0.73,20.54
Private,Banking,92144164,156229749,29.34,12.34,2693,0.75,-0.15
Private,Banking,87424160,258962699,28.05,12.52,3390,0.88,4.57
Public,IT,416246243,387112813,12.16,13.84,749,0.48,-5.07
Public,Retail,292192962,105562350,32.16,16.82,1555,0.44,-15.0
Startup,Retail,117476232,56789198,33.44,7.5,4574,0.69,7.43
Private,Manufacturing,320128455,393050450,12.78,13.26,2269,0.16,-1.86
Private,IT,441610938,78261977,13.7,10.48,1145,0.51,5.22
Public,IT,406839173,174045683,18.69,-0.33,883,0.51,10.15
Private,Banking,455955688,296689948,33.06,-4.36,4565,0.13,-13.87
Public,IT,303173123,198772821,30.92,2.11,2310,0.41,-5.72
Private,Retail,294523468,316997844,5.38,6.08,761,0.78,26.25
Startup,IT,86861168,30090738,14.96,10.43,863,0.78,12.31
Private,Banking,356599419,304704741,20.26,16.25,3742,0.13,-20.77
Private,Manufacturing,295393729,396836307,18.6,-0.09,2293,0.13,-6.01
Public,Banking,196566779,169654456,8.4,-1.86,1339,0.27,4.29
Private,Banking,221279556,336434524,30.34,19.09,487,0.79,-2.25
Private,Manufacturing,305353963,65730418,24.34,-2.3,2736,0.16,-16.46
Public,Banking,471914842,223874550,29.65,6.96,3101,0.66,5.79
Startup,Banking,70147039,56102022,30.34,9.64,4240,0.14,-8.56
Startup,IT,176849876,31748123,26.7,8.53,4515,0.58,-2.4
Public,IT,95827527,43850837,16.49,-2.85,1279,0.35,8.26
Public,Manufacturing,26814501,160841483,22.15,-3.57,4191,0.72,22.62
Public,IT,403624455,119927317,7.29,-2.36,2613,0.25,13.92
Public,IT,116142449,57441451,24.23,9.64,1479,0.59,0.03
Public,Banking,241789826,327403393,7.92,8.61,387,0.25,-10.66
Startup,Retail,146552629,95637143,24.9,0.84,1690,0.66,12.12
Startup,IT,459532907,29912512,9.58,10.94,251,0.79,17.74
Public,Retail,324261052,84428039,5.88,15.5,929,0.16,-11.26
Private,IT,356580217,42101526,7.45,-3.96,79,0.79,29.63
Public,IT,361490498,140318309,2.07,7.45,3934,0.55,15.52
Private,Manufacturing,285568149,307651525,25.72,12.23,2096,0.16,-17.01
Public,Manufacturing,196070021,73781141,26.17,1.31,2017,0.41,1.25
Public,Manufacturing,229793729,21861720,18.99,2.69,810,0.19,-7.03
Startup,Retail,19931115,15545745,7.32,10.34,2789,0.65,15.26
Private,Banking,163223105,173793532,4.76,17.45,4930,0.7,9.76
Private,IT,490091941,199059865,2.63,15.25,765,0.14,-4.97
Startup,IT,253177872,142071770,7.47,9.58,2005,0.48,3.92
Startup,IT,458765473,67528007,31.4,13.26,1331,0.74,0.52
Startup,Retail,311456022,118166587,9.97,4.12,2340,0.85,16.6
Startup,Manufacturing,392430173,327121016,13.69,11.02,119,0.49,0.72
Private,Banking,363928499,352382748,5.48,6.65,1026,0.86,28.63
Private,Retail,263309383,308362343,9.34,-0.25,3875,0.51,9.83
Public,Manufacturing,350637525,314248303,19.13,12.54,34,0.39,-7.51
Public,Retail,272562795,134783404,22.06,8.91,4948,0.77,-1.59
Startup,Banking,386253049,355155447,10.1,3.97,2848,0.47,2.72
Startup,Manufacturing,359872867,393272688,3.91,17.78,747,0.45,-4.1
Startup,Retail,377226500,74178892,14.9,-4.48,189,0.47,13.95
Public,Banking,221049484,161945980,9.73,2.89,241,0.77,24.32
Public,IT,47778076,26647205,9.25,-3.58,1927,0.76,27.43
Public,Banking,284193886,35916781,33.68,14.16,352,0.39,-17.85
Public,IT,25778286,215587376,22.34,12.55,4582,0.33,-12.14
Public,Retail,331132728,360844103,20.38,3.28,2633,0.47,7.53
Public,Manufacturing,200326262,160717034,15.72,11.89,464,0.54,3.72
Public,Manufacturing,158878735,152928800,16.16,4.9,4394,0.25,-5.29
Startup,Retail,153081257,384653593,19.85,13.91,4635,0.72,12.23
Startup,Manufacturing,420222205,380321254,24.98,6.35,2286,0.46,8.08
Startup,Manufacturing,209823197,228853780,25.17,5.31,605,0.33,-12.38
Startup,IT,328715704,275895732,7.67,18.37,3884,0.14,-11.09
Public,Retail,313406326,312446576,18.5,1.27,4540,0.25,13.33
Private,Banking,31471311,57407485,15.59,-1.99,4987,0.86,28.04
Public,IT,10311499,96616745,30.73,9.61,4507,0.31,-13.15
Private,Retail,424066512,189783082,22.84,19.23,2679,0.19,-21.77
Startup,IT,223412431,193644021,19.57,4.45,2145,0.44,4.75
Public,Banking,176419531,246755389,5.81,-3.45,3974,0.31,15.45
Startup,Banking,461281735,122494888,21.99,3.48,1575,0.08,-19.0
Public,Retail,200206099,97553864,5.87,7.65,318,0.32,3.03
Startup,Banking,434009410,289397783,13.13,-0.95,352,0.51,1.93
Private,IT,229102031,377060580,6.71,11.45,445,0.52,6.57
Private,Banking,37325149,151443952,24.84,19.94,186,0.35,-21.37
Private,IT,475909164,295945424,8.81,6.29,148,0.43,8.58
Public,IT,109436059,138718676,14.93,3.87,203,0.87,14.46
Private,Banking,430908850,23885050,31.56,5.02,3267,0.37,-10.71
Public,Retail,122750887,34834022,8.74,-2.12,3245,0.27,12.08
Private,Manufacturing,91012533,324175734,18.76,17.08,952,0.26,-17.9
Private,Banking,486810387,130424038,15.84,5.37,4630,0.44,-5.72
Public,IT,228342439,219553151,2.6,4.68,3889,0.7,23.98
Public,IT,84885559,334823882,28.16,11.49,3123,0.23,-19.82
Private,Banking,176614571,195644589,4.28,6.05,2972,0.65,17.66
Public,Retail,400279992,327686730,17.65,11.21,4846,0.07,-20.41
Private,Retail,204967005,30870540,20.5,-3.46,4967,0.41,16.74
Public,IT,95013844,236760894,22.74,15.34,963,0.71,-5.31
Startup,IT,404127635,109221101,24.72,18.51,1312,0.34,-1.87
Startup,Retail,35267797,175674604,10.36,11.22,3391,0.53,4.05
Startup,Manufacturing,387786513,87078592,2.33,18.86,2890,0.22,-6.77
Startup,Banking,167787783,66876263,25.87,-1.21,2197,0.68,9.77
Startup,IT,27636262,204125483,19.68,6.94,4897,0.09,-16.84
Private,IT,497573471,157709323,29.59,10.05,555,0.77,1.08
Startup,Retail,16654304,34175239,29.11,9.54,1937,0.22,-13.29
Startup,Banking,470945588,143063175,29.83,5.04,4162,0.79,2.62
Startup,Retail,331707983,200323708,18.01,3.45,14,0.35,2.25
Startup,Banking,34370827,385392308,13.01,-1.83,3491,0.66,9.14
Public,Banking,142559589,38103852,28.12,4.79,3263,0.32,-6.54
Private,Banking,152334643,216064124,16.89,-0.93,1372,0.82,27.66
Startup,IT,364680737,258003887,8.05,13.36,1830,0.16,-15.49
Startup,Manufacturing,276051260,203693664,30.21,0.22,2673,0.2,-6.91
Startup,Retail,160307661,319927276,31.12,-3.54,2948,0.47,3.22
Private,Manufacturing,233184544,346857254,17.39,8.81,1283,0.12,-4.69
Public,Retail,444621270,342444699,4.5,9.88,3336,0.22,-6.08
Private,Banking,61318065,308794297,14.8,16.8,3669,0.85,25.76
Public,IT,398738988,9722055,28.52,9.42,2955,0.88,-1.4
Startup,Manufacturing,478032257,51968538,31.76,3.64,3028,0.37,-8.82
Startup,IT,30381224,12035949,8.71,15.08,1141,0.83,7.42
Private,Retail,381422740,222624790,4.21,8.51,4773,0.51,20.32
Private,IT,418698817,35672748,30.95,-3.02,2646,0.28,-6.26
Public,IT,271106842,344825966,14.85,9.15,3039,0.65,8.91
Public,Manufacturing,494863928,258656662,19.88,17.7,3029,0.61,0.53
Private,Banking,236078856,177198448,33.95,4.91,4387,0.89,11.28
Public,IT,46765312,267526673,4.2,2.41,3169,0.28,3.78
Private,Banking,243475082,31751505,23.39,-1.41,263,0.62,5.61
Public,Retail,328351362,176053251,4.45,-1.21,338,0.09,2.74
Private,IT,99409907,40962717,14.39,5.82,2601,0.15,-5.4
Private,Manufacturing,132575741,219272544,28.53,9.89,2840,0.05,-19.55
Private,Retail,315107542,351908158,16.3,-2.98,3054,0.9,38.17
Public,Retail,294425049,164767843,34.91,18.49,1430,0.73,-17.41
Public,Manufacturing,437049347,399360164,20.45,13.88,3411,0.72,5.09
Public,IT,72342646,191754331,12.6,9.67,2902,0.48,9.86
Private,IT,162901061,215960167,9.26,15.71,664,0.31,-6.35
Public,Retail,195662050,8059667,13.57,-3.0,769,0.18,-10.23
Public,IT,160804053,111754032,14.29,6.92,1808,0.29,-8.97
Private,Banking,325350350,307975584,4.27,10.75,2981,0.37,5.28
Startup,Manufacturing,290939003,128583691,14.2,15.72,4521,0.69,7.96
Private,Banking,440616868,347370553,17.32,14.59,3436,0.51,1.7
Public,IT,73903155,308290994,25.85,1.93,264,0.12,-16.16
Private,Retail,363674921,289584742,23.67,18.52,3833,0.07,-24.92
Startup,Manufacturing,9952075,164814273,25.39,-1.89,1886,0.14,-12.85
Private,IT,243779630,190143102,2.28,16.88,2767,0.4,2.43
Public,IT,100257136,93607388,9.18,19.27,2634,0.84,12.94
Startup,Retail,175650277,233510696,23.84,-0.57,4131,0.59,5.65
Public,Retail,294694289,95127433,17.97,13.05,3014,0.73,15.77
Startup,Banking,17670380,59002354,2.18,-3.99,4526,0.45,11.36
Startup,Manufacturing,29151842,46513097,28.55,5.14,3744,0.36,-7.55
Private,Manufacturing,216758237,12249677,27.5,7.91,1254,0.14,-21.44
Private,Retail,17774615,50657169,20.1,9.52,1018,0.79,21.1
Public,Banking,144505641,62576882,4.19,18.4,4324,0.72,14.56
Private,Manufacturing,419129613,167441205,27.29,11.81,1520,0.19,-21.47
Private,Retail,245197765,128935142,21.26,7.03,1969,0.49,-0.18
Startup,IT,74913666,204212674,27.8,15.24,2518,0.46,-1.17
Private,Manufacturing,176929423,58306693,26.81,18.76,4768,0.58,-12.63
Startup,Banking,378586950,120911041,28.5,-4.45,2692,0.85,11.64
Startup,Banking,239845107,131812636,19.09,19.56,999,0.54,-4.05
Startup,Banking,300214605,288374117,6.63,-2.85,4294,0.51,20.27
Public,IT,352545672,342378562,24.15,15.36,264,0.09,-19.85
Public,Manufacturing,316505294,148889167,22.48,2.01,4173,0.1,-7.73
Public,Manufacturing,125173972,76603367,26.49,-1.7,4721,0.21,2.72
Startup,IT,103328226,303701953,7.61,6.0,4979,0.08,-14.76
Public,Manufacturing,213411201,53279504,8.43,11.1,4462,0.68,7.25
Public,IT,128657050,303142504,31.38,4.52,265,0.66,7.27
Private,IT,305437633,205010621,26.75,-3.64,1017,0.17,-11.87
Public,IT,428545762,142555083,31.97,9.99,1765,0.76,-4.06
Public,Banking,417745169,196448354,27.04,17.56,2581,0.18,-13.74
Startup,Manufacturing,358574093,320196522,21.71,4.58,3918,0.31,-12.39
Startup,IT,437117523,365462518,23.59,0.41,3007,0.26,-5.84
Startup,Manufacturing,318710545,334570988,31.34,6.06,2813,0.37,-9.15
Startup,Banking,73599551,107662990,21.1,-3.79,3775,0.27,7.72
Startup,IT,252951625,190857881,22.87,15.51,4389,0.47,-16.67
Startup,Retail,316301656,153902116,7.16,15.66,3393,0.4,1.25
Public,Banking,327824129,252205309,17.64,9.7,108,0.89,12.8
Startup,Retail,37318232,254867184,25.64,3.83,206,0.1,-11.31
Startup,Manufacturing,453198908,394062654,10.94,14.99,2539,0.17,-16.29
Private,Manufacturing,486098549,396452440,8.67,8.87,887,0.09,-0.84
Public,Banking,278708320,289573975,12.36,15.65,1878,0.58,-1.24
Public,Manufacturing,210115555,120216760,9.97,10.79,2675,0.1,-22.92
Public,Retail,461859742,292414437,9.09,14.61,1398,0.76,9.31
Startup,IT,486302285,56225748,16.02,9.96,2425,0.49,0.71
Startup,IT,65980032,292879477,31.96,5.35,579,0.5,1.96
Startup,IT,461352877,238927185,18.73,18.95,2647,0.53,-11.49
Private,Banking,104907919,127115363,8.2,8.53,1075,0.2,-9.94
Startup,Manufacturing,68607605,209015074,4.54,10.13,431,0.22,2.77
Private,Retail,345730093,336352364,24.97,0.51,2893,0.32,-9.47
Public,Manufacturing,219055292,112011318,14.63,10.64,1214,0.55,3.82
Startup,Manufacturing,295045363,185683720,29.12,9.29,554,0.23,-16.5
Private,Manufacturing,16021186,244864628,23.76,-0.38,4176,0.15,-6.86
Private,IT,339137826,170439993,28.28,-3.51,3649,0.87,16.89
Startup,Retail,106631912,390773469,10.97,10.11,1233,0.07,-16.5
Public,Retail,327984837,309744507,24.85,14.09,3182,0.73,4.69
Public,Manufacturing,96800600,210791969,10.71,8.09,777,0.72,11.42
Public,IT,182411724,42683871,32.99,0.67,3667,0.3,-15.13
Private,IT,297797831,314051714,23.0,11.66,664,0.17,-10.19
Private,Retail,448386772,325652354,12.71,-3.0,2456,0.17,4.01
Private,IT,115861281,343446379,10.89,6.05,230,0.64,23.06
Private,IT,31231747,181821966,8.3,-0.92,3676,0.6,23.68
Public,IT,48663896,43162344,24.92,-0.39,4287,0.72,7.82
Startup,Banking,466929550,243454718,9.22,0.06,4412,0.85,28.9
Private,Manufacturing,383451523,298780711,21.65,4.67,2579,0.64,3.8
Private,Retail,348448748,65929994,10.73,-3.72,1023,0.18,-4.52
Public,Retail,217727739,356040943,23.84,4.94,2061,0.26,-10.09
Startup,Banking,119777099,55869791,28.89,7.79,3995,0.77,12.14
Startup,Manufacturing,395078239,120769333,27.67,7.08,4953,0.23,-11.69
Public,Retail,251951519,349113635,27.11,4.57,4909,0.11,-22.48
Public,IT,409975707,80198715,8.19,15.98,4320,0.65,5.89
Startup,Retail,270498252,275322464,4.92,-1.37,3029,0.39,13.03
Private,IT,268922206,113864279,25.07,7.64,3691,0.83,3.6
Startup,Banking,31379085,53171169,14.16,-3.45,1453,0.6,21.83
Public,IT,9746771,182788215,16.27,-3.22,4206,0.13,-3.13
Private,Retail,282075601,177497435,3.03,9.35,3020,0.86,18.15
Private,Retail,124196636,241496676,10.57,9.15,582,0.27,-10.1
Public,Retail,458826363,92079814,3.11,16.95,1342,0.34,3.68
Public,Banking,440718590,78566275,31.01,8.95,4763,0.39,-12.07
Public,Banking,72973509,195321956,10.03,18.99,4012,0.09,-11.66
Startup,Manufacturing,6428127,67841271,20.39,-3.78,3144,0.47,17.45
Startup,Retail,396006044,54139392,3.29,-2.55,4096,0.15,11.18
Private,IT,80968554,310710510,24.01,-3.9,235,0.39,1.65
Public,Banking,445462465,129528659,12.66,-0.37,4210,0.35,-5.79
Private,Retail,113237883,388554194,31.63,8.53,2007,0.71,4.16
Private,Retail,498054614,112297308,31.31,11.14,781,0.73,11.96
Private,Banking,121070866,77042569,12.73,-3.86,4534,0.18,2.47
Private,Manufacturing,54223966,92431483,31.73,18.65,443,0.36,-29.51
Public,Banking,268494642,19794513,34.87,16.05,3109,0.37,-22.34
Private,Banking,281772356,54120091,29.24,2.42,2739,0.18,-13.2
Public,IT,137120018,31820898,29.88,-3.07,3417,0.73,8.24
Public,IT,291828449,392141930,10.22,-0.75,3150,0.65,7.65
Startup,Manufacturing,369215049,49705646,21.03,-1.83,875,0.21,-3.24
Public,Retail,377611416,311000222,4.22,-1.92,2803,0.36,9.48
Startup,Banking,254811585,182187162,5.13,7.96,2921,0.14,5.02
Public,Manufacturing,475735229,151729981,34.96,1.15,2425,0.58,1.81
Public,IT,23268849,265927152,12.78,3.95,260,0.15,-2.48
Public,Banking,253165628,226856421,26.69,19.74,4961,0.89,3.2
Startup,Retail,305799031,136510535,28.62,12.11,3767,0.71,2.01
Startup,IT,208388366,396948847,30.31,18.72,4666,0.38,-26.22
Private,IT,471772424,347548791,34.92,-1.44,928,0.54,-3.4
